,r,K,delta,c
Patient 04,0.042902524,4.20E+15,0.061611867,3.43E+12
Patient 05,0.131799194,580.8725024,0.089001925,2.291960323
Patient 06,0.351564042,4668.58125,0.350995345,8.739244928
Patient 09,0.605178954,428.4533516,0.347140039,2.267538483
Patient 10 ,0.096255339,688.978675,0.059794509,1.426534322
Patient 14,0.181471087,798.688266,0.137568333,3.182914523
Patient 28,0.18287846,663.0487189,0.128324461,2.362809094
Patient 30,0.165457451,544.2613509,0.096811545,1.734836965
